pair_id,split,architecture,severity,gt_x,gt_y,raw_err,raw_rt,raw_score,dog_err,dog_rt,dog_score
p2_val-000000,p2_val,dram,3,641.2053,611.8421,221.79475620604742,3.4345420000026934,0.5784125924110413,0.25899903474723357,3.438698799989652,0.8538355231285095
p2_val-000001,p2_val,dram,3,168.4501,700.2652,319.04714811615224,3.3893624000193086,0.37933069467544556,319.9955976588584,3.625198299996555,0.5106843709945679
p2_val-000002,p2_val,dram,3,478.0304,850.7257,514.9145247171126,3.3863936999987345,0.44227689504623413,93.69476273863981,3.434389000001829,0.5186964869499207
p2_val-000004,p2_val,finfet,0,113.421,939.1489,675.8594618796203,3.3850418999791145,0.7208191752433777,0.44655594274403426,3.508776200003922,0.5475171208381653
p2_val-000005,p2_val,dram,0,870.6807,650.9463,402.0223073862693,3.619602799997665,0.5663498044013977,1.681557664785841,3.552067300013732,0.6315255761146545
p2_val-000006,p2_val,dram,2,419.785,381.9565,0.7862043309471392,3.479349100001855,0.663640558719635,0.21935644508422536,3.638405600009719,0.8815418481826782
p2_val-000007,p2_val,finfet,1,446.1232,673.8353,0.20568016433290814,3.5774832000024617,0.7781456112861633,183.16474143330646,3.797109900013311,0.9006574153900146
p2_val-000009,p2_val,dram,2,804.8902,479.8083,146.80834106047922,3.9944344999967143,0.7172447443008423,1.2024162881465168,3.4487517999950796,0.8524473309516907
p2_val-000010,p2_val,dram,1,526.4111,357.2093,236.56693050741478,3.3900544999924023,0.7480331063270569,221.67275477536705,3.4898132999951486,0.843389630317688
p2_val-000011,p2_val,finfet,3,319.2726,416.2765,672.021248148457,3.545670599996811,0.639648973941803,450.204573680688,3.6131007999938447,0.7715174555778503
p2_val-000012,p2_val,dram,1,297.8275,657.2721,328.68950484410055,3.6787295999820344,0.5593241453170776,145.06908214592113,3.756843100010883,0.7386776804924011
p2_val-000014,p2_val,finfet,2,271.9628,831.0197,35.483318220397656,3.9484030999883544,0.6761904954910278,0.695896493740237,3.851945700007491,0.7819613218307495
p2_val-000015,p2_val,finfet,3,633.103,545.204,0.22852789764046322,3.982715999998618,0.6452136635780334,478.4619840959154,4.293748099997174,0.8215023875236511
p2_val-000016,p2_val,dram,0,814.6021,690.7996,358.48143757323055,4.34134620000259,0.6594258546829224,442.79977877655955,4.082451299997047,0.7855975031852722
p2_val-000018,p2_val,dram,0,196.0018,785.1194,0.1194135670684446,3.639984999987064,0.8434426784515381,0.1194135670684446,3.557749400002649,0.9212275147438049
p2_val-000020,p2_val,finfet,1,382.1083,505.7225,367.95311513172436,3.500811700010672,0.6580672860145569,437.2724849966437,3.4735523000126705,0.5915366411209106
p2_val-000021,p2_val,finfet,2,310.4814,259.9315,333.0688478951611,3.5893839999916963,0.7144581079483032,296.06889137194065,3.8345361000101548,0.8811140656471252
p2_val-000023,p2_val,dram,1,846.9049,223.4012,522.8239388220952,3.93403699999908,0.7868296504020691,522.8239388220952,3.8139974999940023,0.8117272257804871
p2_val-000024,p2_val,dram,1,567.0951,514.9039,0.7192212594188384,3.7423262000083923,0.8479596972465515,0.7192212594188384,3.8314279000042006,0.8901681303977966
p2_val-000025,p2_val,dram,0,442.8735,542.6103,221.11061545828147,3.738915199995972,0.6836817264556885,0.6232722839979883,3.7583802999870386,0.8318949341773987
p2_val-000026,p2_val,finfet,2,145.2916,936.3252,0.43679010977812915,3.6144823000067845,0.7999327182769775,0.43679010977812915,3.535516700008884,0.9077890515327454
p2_val-000028,p2_val,finfet,1,369.2564,860.2919,0.38851842942133974,3.507853500021156,0.6766825318336487,0.38851842942133974,3.6425464000203647,0.8112227320671082
p2_val-000030,p2_val,finfet,2,684.7188,712.5396,57.529378943284314,3.4547281000122894,0.7369791865348816,149.52249276145707,3.509219799976563,0.8532558083534241
p2_val-000032,p2_val,dram,0,572.1319,121.6241,518.3853609993438,3.6491333000012673,0.8326970338821411,184.37937438450103,4.074380900012329,0.9011765122413635
p2_val-000033,p2_val,finfet,1,221.6635,72.74,738.4360668549783,3.4649330000102054,0.7939313054084778,0.9938975047760162,3.4616500999836717,0.7836840748786926
p2_val-000035,p2_val,finfet,3,705.4893,701.1242,370.1406471061102,3.48952050000662,0.7158571481704712,370.1406471061102,3.523222799994983,0.8528484106063843
p2_val-000036,p2_val,finfet,0,299.0054,898.5527,649.9962113016121,3.580322099995101,0.8360892534255981,0.552726378961557,3.4554382999776863,0.8982678651809692
p2_val-000037,p2_val,dram,0,398.4128,366.0093,216.0924709246715,3.4149411999969743,0.7077010273933411,216.0878001885576,3.478897600027267,0.922771155834198
p2_val-000038,p2_val,dram,1,898.8349,856.2471,187.83903991561493,3.398338600003626,0.7503423690795898,187.83903991561493,3.557403999991948,0.9108138680458069
p2_val-000039,p2_val,finfet,1,414.8372,509.4198,584.3397873976065,3.4241164999839384,0.7271499633789062,456.7499135587001,3.4497996999998577,0.7863817811012268
p2_val-000040,p2_val,finfet,2,444.2215,305.3758,763.322972658291,3.419376099976944,0.719139814376831,0.7321119381624518,3.537203400017461,0.8869114518165588
p2_val-000042,p2_val,dram,2,367.0312,146.2793,525.1148933156724,3.429055899992818,0.37322840094566345,371.75430916390195,3.4430248999851756,0.4402084946632385
p2_val-000043,p2_val,finfet,2,251.0032,444.7682,71.33803572765373,3.379153799993219,0.6451428532600403,505.9304273726576,3.420855100004701,0.5906086564064026
p2_val-000044,p2_val,dram,3,679.3089,160.2851,806.5367654987712,3.4119583000137936,0.6598016023635864,490.5006787979197,3.4411877999955323,0.8882913589477539
p2_val-000045,p2_val,dram,0,196.5912,913.4872,742.9936304446223,3.4074574999976903,0.8442954421043396,0.0920938651593946,3.489621000015177,0.9050648808479309
p2_val-000046,p2_val,finfet,1,577.2761,88.8052,596.7303585190299,3.33742299998994,0.7139877676963806,588.1992038232031,3.503670999984024,0.7616122364997864
p2_val-000047,p2_val,dram,1,481.451,678.9664,0.4522498866777285,3.39541059997282,0.8462445735931396,303.21105674094406,3.546823200013023,0.9282450675964355
p2_val-000049,p2_val,dram,2,642.318,577.3126,617.5724728667559,3.4157737999921665,0.7390786409378052,214.68310050574547,3.4371659999887925,0.8454691171646118
p2_val-000050,p2_val,finfet,1,316.5646,403.9989,0.5646010715540509,3.42831479999586,0.7712283134460449,0.5646010715540509,3.4249068000062834,0.8518020510673523
p2_val-000052,p2_val,dram,0,833.2869,615.9011,0.9456705663179145,3.43856660000165,0.850698709487915,0.9456705663179145,3.5914078000059817,0.913096010684967
p2_val-000053,p2_val,finfet,3,559.8448,793.1957,90.19965623842475,3.400448000000324,0.6927603483200073,465.8598471488287,3.4615282000158913,0.8785762190818787
p2_val-000054,p2_val,finfet,2,139.0517,472.1071,639.9154215545208,3.443891100003384,0.5869507193565369,720.4063179507103,3.535226200008765,0.6372688412666321
p2_val-000056,p2_val,finfet,1,894.9773,170.8887,769.1113003349906,3.525509500002954,0.8679399490356445,0.11359128487696299,3.479895399999805,0.9078391194343567
p2_val-000057,p2_val,finfet,0,887.5882,106.5235,628.1295977992837,3.4414050999912433,0.8849270343780518,972.9712885956553,3.6794816000037827,0.9424036741256714
p2_val-000059,p2_val,finfet,3,466.9644,424.0479,323.27166495344125,3.5367494999954943,0.5983805656433105,422.73121160114266,3.85794519999763,0.4349847435951233
p2_val-000060,p2_val,dram,0,703.9969,645.5905,531.5214070005647,3.511853300005896,0.7297917008399963,231.70464669457968,3.4939605000254232,0.6868849396705627
p2_val-000061,p2_val,dram,0,522.6545,175.7049,0.2566208487243369,3.394256300001871,0.6520282626152039,0.2566208487243369,3.417531900020549,0.858469545841217
p2_val-000062,p2_val,finfet,1,678.9746,461.3309,0.33187342466667913,3.3969622000004165,0.737777054309845,445.6691007238106,3.5434974000090733,0.8475502729415894
p2_val-000063,p2_val,dram,1,497.6603,540.7714,45.34626174283829,3.369661000004271,0.7876115441322327,224.77753191555865,3.504693299997598,0.931426465511322
p2_val-000064,p2_val,finfet,1,207.5126,675.2021,0.5510019691434694,3.4106828000221867,0.7064074277877808,0.5276392422858605,3.4371056999953,0.8358684778213501
p2_val-000065,p2_val,finfet,1,883.3037,558.2599,876.78519671679,3.465779799997108,0.6003342270851135,685.6031102479773,3.5556499999947846,0.5807161927223206
p2_val-000066,p2_val,finfet,1,903.298,320.4683,0.5550755714314948,3.5447869999916293,0.8248986005783081,447.53225057965375,3.4370408999966457,0.9212616682052612
p2_val-000067,p2_val,finfet,0,894.0854,664.3604,670.8942190698323,3.5645527000015136,0.4682249426841736,515.8883979906119,3.5012332999904174,0.4905232787132263
p2_val-000068,p2_val,dram,0,296.9337,936.1352,960.3601203583634,3.4570335999887902,0.6067155003547668,185.01787852726562,3.4833096000074875,0.6193274855613708
p2_val-000069,p2_val,finfet,1,366.4861,699.0396,494.7862967598941,3.410598000016762,0.7906410694122314,471.98307454968125,3.4885342000052333,0.8501025438308716
p2_val-000070,p2_val,finfet,3,358.4733,187.6384,838.0001435963183,3.453906899987487,0.2712264657020569,86.18160979843671,3.4789416999847163,0.4722037613391876
p2_val-000072,p2_val,dram,1,98.4128,800.6958,671.1003164516314,3.42172230000142,0.5173011422157288,0.21433963702494396,3.4436412999930326,0.6319669485092163
p2_val-000073,p2_val,finfet,0,774.6677,857.5721,1030.1035666969121,3.40109869997832,0.84459388256073,1030.1035666969121,3.475297600001795,0.8764070868492126
p2_val-000074,p2_val,dram,0,717.5856,515.5527,311.3400350174227,3.437109499995131,0.796845555305481,694.0513590539608,3.451229300000705,0.7293033599853516
p2_val-000075,p2_val,finfet,3,777.9299,530.1079,217.92992671136284,3.5247109000047203,0.7492031455039978,1.0755261131186205,3.4381477999850176,0.687343418598175
p2_val-000076,p2_val,finfet,2,66.2838,888.2391,841.3678089345052,3.347677499987185,0.45510542392730713,941.3429119673924,3.5385616999992635,0.5355766415596008
p2_val-000078,p2_val,dram,2,177.8022,760.6585,0.6875660622805675,3.4349387000256684,0.6698246598243713,0.6875660622805675,3.476109400013229,0.8000359535217285
p2_val-000079,p2_val,finfet,3,674.1948,535.0658,469.0693772531735,3.3786441999836825,0.629538893699646,373.9342507402605,3.4627325999899767,0.8124926686286926
p2_val-000080,p2_val,dram,1,535.0577,670.455,306.37603358338913,3.436857000022428,0.7293223738670349,310.4072256798961,3.4995208000182174,0.5945115089416504
p2_val-000081,p2_val,dram,0,404.3978,951.6007,280.39808431109157,3.544338499981677,0.7464735507965088,391.6024035745056,3.5426577999896836,0.7358152270317078
p2_val-000082,p2_val,dram,2,113.6844,234.9513,389.4918649664586,3.458581300015794,0.5842445492744446,0.48751928166996816,3.4567762999795377,0.605311930179596
p2_val-000083,p2_val,dram,1,138.3733,222.8936,1035.0803510229773,3.4520941999799106,0.8903239965438843,974.7005579529797,3.4449518999899738,0.9499905705451965
p2_val-000084,p2_val,dram,0,931.4908,686.2186,678.0717697048005,3.3718009000003804,0.6571497321128845,351.7498202850998,3.4206309000146575,0.5828502774238586
p2_val-000085,p2_val,finfet,1,583.935,78.1173,470.80757277712723,3.4369182999944314,0.6620477437973022,323.8375277578095,3.474656500009587,0.5628470778465271
p2_val-000086,p2_val,finfet,2,506.5451,183.7513,248.04622993647777,3.458977100002812,0.6951383948326111,0.25531490359944187,3.468314099998679,0.7789120674133301
p2_val-000087,p2_val,dram,2,203.3343,873.6469,425.497650564724,3.3722188999818172,0.7585577964782715,467.90829596845145,3.463255599985132,0.9143253564834595
p2_val-000088,p2_val,dram,2,500.866,724.9395,362.1340050537232,3.394323499989696,0.6798537373542786,1.2777387252485877,3.717587999999523,0.7679520845413208
p2_val-000089,p2_val,dram,0,923.0216,660.4461,698.6587317652088,3.579471199976979,0.8246049880981445,202.4461011523067,3.7252864000038244,0.9211109280586243
p2_val-000090,p2_val,dram,0,767.279,508.7106,317.9075708336623,3.673529599996982,0.7694697380065918,203.38437991487942,4.222180000011576,0.7895808815956116
p2_val-000091,p2_val,dram,1,923.5938,669.1166,334.9392735914975,3.696704200003296,0.7836226224899292,406.2652136154411,4.0159969000087585,0.7382514476776123
p2_val-000092,p2_val,finfet,0,513.8173,622.6954,0.8722158276482406,3.675972600001842,0.7942408323287964,0.7189996175241773,3.5328980999765918,0.870391845703125
p2_val-000095,p2_val,finfet,2,205.4157,191.0905,461.5803919110299,3.4735312999982852,0.529441773891449,537.4302209559303,3.5484248000138905,0.5655089616775513
p2_val-000096,p2_val,dram,1,78.1451,643.9415,681.5529997558958,3.445258899999317,0.8649162650108337,228.60701274514741,3.5921718000026885,0.9340434670448303
p2_val-000097,p2_val,finfet,0,210.5021,519.8185,725.0880170342494,3.5177541000011843,0.6893715262413025,102.78237614815099,3.6222285000258125,0.5305774807929993
p2_val-000098,p2_val,finfet,0,761.0386,421.2042,356.59674590158556,3.4391142000094987,0.7900553345680237,636.8977716930716,3.5158634999825153,0.5577135682106018
p2_val-000099,p2_val,dram,3,919.063,399.5255,515.5669787905836,3.4372696000209544,0.32593274116516113,388.1945370806369,3.5290248000237625,0.46191588044166565
p2_val-000100,p2_val,dram,2,908.4346,572.1953,111.19673744876688,3.5942585000011604,0.7577482461929321,0.47646537124961136,3.5779293999949005,0.892149806022644
p2_val-000101,p2_val,dram,1,356.2059,506.8881,0.23434252708373726,3.4439279999933206,0.7571482062339783,0.8019453971437338,3.6706023999722674,0.8648646473884583
p2_val-000102,p2_val,dram,1,123.2215,499.8076,0.2933939501762273,3.4754976999829523,0.7823410034179688,0.2933939501762273,3.508220399991842,0.8520908951759338
p2_val-000104,p2_val,dram,1,716.9802,252.0811,484.3005789478782,3.4707302000024356,0.4186033010482788,313.98980137776766,3.4610433999914676,0.5702228546142578
p2_val-000105,p2_val,dram,0,867.6563,605.9331,676.4445808824992,3.452352799999062,0.692755937576294,96.73436000356855,3.4731249999895226,0.6205929517745972
p2_val-000106,p2_val,dram,3,910.8943,763.9851,561.511011463266,3.5250901999825146,0.5493853688240051,0.6251355852933214,3.4877517000131775,0.7798692584037781
p2_val-000107,p2_val,dram,2,94.0052,906.889,494.4404141532526,3.6300018999900203,0.5520981550216675,0.6376111981450843,3.499697399995057,0.6796252727508545
p2_val-000109,p2_val,finfet,1,467.1884,644.0272,0.1903533556310479,3.6315441000042483,0.7810270190238953,0.1903533556310479,3.425834499998018,0.8885912895202637
p2_val-000110,p2_val,finfet,3,317.8583,406.3958,263.2949481789007,3.3874465999833774,0.7298820614814758,0.4204004400568709,3.430174099979922,0.8844258189201355
p2_val-000112,p2_val,dram,0,409.8785,64.0779,343.4183190085526,3.449293799989391,0.8022196888923645,635.2437028658056,3.4980006999976467,0.7498525381088257
p2_val-000113,p2_val,dram,3,80.6524,329.0542,433.93535251624746,3.3881607000075746,0.3943400979042053,62.93539674459835,3.3829331999877468,0.6448782682418823
p2_val-000114,p2_val,dram,1,502.1175,514.4305,0.44624712884235596,3.3482770000118762,0.9009208679199219,0.44624712884235596,3.396417999989353,0.9226574897766113
p2_val-000116,p2_val,dram,2,607.8309,237.9175,0.1881516941193657,3.407758700021077,0.5976490378379822,62.83095416321485,3.5164758000173606,0.8524608612060547
p2_val-000117,p2_val,finfet,0,79.938,632.9513,0.07883964738635575,3.451813299994683,0.9219284653663635,836.0642770838197,3.5980540000018664,0.9618668556213379
p2_val-000119,p2_val,finfet,3,290.3417,778.8108,693.2849744192716,3.3686757999821566,0.6619182825088501,849.031367356666,3.436189000000013,0.8499124050140381
p2_val-000120,p2_val,finfet,1,836.3313,77.3994,773.3325661576978,3.396463399985805,0.7661940455436707,772.3325677970923,3.4268158999911975,0.8131220936775208
p2_val-000122,p2_val,finfet,0,65.0044,491.2676,479.81333831930937,3.366462000005413,0.8725371360778809,280.48663074934603,3.4095021999964956,0.8841401934623718
p2_val-000123,p2_val,finfet,3,238.291,496.9638,465.70999730673594,3.371854800003348,0.7539700269699097,497.7099331854248,3.4154517000133637,0.82744961977005
p2_val-000125,p2_val,finfet,0,276.1156,650.7145,295.7158224945193,3.4429782000079285,0.7374445796012878,295.714522595036,3.436506099998951,0.8034147620201111
p2_val-000126,p2_val,finfet,1,465.9231,878.57,462.8902260942761,3.3661852999939583,0.6166375875473022,394.2149008010859,3.465472299983958,0.5312947630882263
p2_val-000127,p2_val,finfet,0,595.4676,415.9582,0.45934409760002576,3.3495888999896124,0.7692812085151672,333.0453254393462,3.4492224999994505,0.781899631023407
p2_val-000128,p2_val,dram,1,337.1171,262.3057,0.3273605046428165,3.3634449999954086,0.7576878070831299,1.158173087236958,3.4116148999892175,0.8103383779525757
p2_val-000129,p2_val,dram,1,860.2833,450.8578,222.86149483419067,3.368546499987133,0.7719717025756836,0.3169853782117264,3.49912089999998,0.8734385967254639
p2_val-000130,p2_val,finfet,2,291.7124,480.7765,252.2876989986036,3.366445800027577,0.6226014494895935,322.4323996840423,3.4251131000055466,0.4102460443973541
p2_val-000131,p2_val,dram,2,726.3084,421.9963,759.3322785344042,3.3846345000201836,0.7729833722114563,808.5556013189507,3.488370000006398,0.7260476350784302
p2_val-000133,p2_val,dram,0,155.8184,837.4773,62.82021325855237,3.48751400000765,0.8835925459861755,62.82021325855237,3.511515000020154,0.928518533706665
p2_val-000134,p2_val,finfet,1,369.2531,636.5919,31.75323298846908,3.4503147000214085,0.7006751894950867,1.755507111919534,3.5949351000017487,0.8603490591049194
p2_val-000135,p2_val,dram,1,545.1724,750.7821,163.0985088900877,3.4581627000006847,0.70228111743927,124.78484444102178,3.4095109999761917,0.6748583316802979
p2_val-000136,p2_val,finfet,3,812.1677,874.6829,1040.7750707408877,3.366346299997531,0.5862935781478882,822.1645936646141,3.475349400017876,0.5701457262039185
p2_val-000139,p2_val,finfet,2,272.5665,852.3163,0.19536616902631543,3.4152374000113923,0.6185747981071472,1.3430442807294063,3.4272543999832124,0.760129988193512
p2_val-000140,p2_val,finfet,1,746.558,541.2399,0.6073845651644503,3.4675400000123773,0.6368401646614075,331.59216805589665,3.4960093999980018,0.5368715524673462
p2_val-000141,p2_val,finfet,1,67.2835,771.2917,525.1412223974994,3.402296100015519,0.8342788219451904,294.10096474024016,3.5140677000163123,0.8978047966957092
p2_val-000142,p2_val,dram,2,736.5675,51.8035,460.31473544576,3.4110816000029445,0.5104871392250061,672.8927794741893,3.517424599995138,0.6265772581100464
p2_val-000143,p2_val,finfet,1,76.8074,906.9514,588.8995614336285,3.4119765000068583,0.8826493620872498,747.8466395302717,3.4459879000205547,0.9454275965690613
p2_val-000144,p2_val,finfet,0,762.6781,451.0809,478.94046536539383,3.4431232000060845,0.6071881651878357,138.66891203301478,3.6118968999944627,0.6911717057228088
p2_val-000145,p2_val,dram,0,132.137,359.7113,124.86333375611113,3.3963497999939136,0.8114731907844543,0.7243733084535846,3.5774441999965347,0.8826457858085632
p2_val-000147,p2_val,finfet,0,641.7928,297.0565,383.0285447901892,3.4298102000029758,0.5655601620674133,537.8993544559149,3.7375313000229653,0.4951147437095642
p2_val-000149,p2_val,dram,1,391.4429,462.7984,198.8077657008649,3.3130062999844085,0.8918182849884033,138.94712340660385,3.382145399984438,0.9749396443367004
p2_val-000150,p2_val,dram,1,597.449,367.7708,0.5041166928400171,3.322195200016722,0.7230181694030762,0.8920390350203139,3.3918936000263784,0.8131675720214844
p2_val-000153,p2_val,finfet,1,608.3435,119.4217,154.66303444307567,3.4301557000144385,0.7946699261665344,0.5438962584905013,3.588283600023715,0.9169989824295044
p2_val-000154,p2_val,finfet,2,632.197,660.9486,215.8050848589069,3.4101422000094317,0.7063312530517578,0.20359508834938855,3.4784657999989577,0.8150137066841125
p2_val-000155,p2_val,dram,2,874.6363,243.1295,295.672453989106,3.4952380000031553,0.8006429076194763,376.61446978035775,3.615113800013205,0.9209239482879639
p2_val-000156,p2_val,finfet,2,760.302,424.9455,247.30200600530927,3.5627127999905497,0.596756637096405,646.3052654700022,3.8711665000009816,0.6094151735305786
p2_val-000157,p2_val,dram,1,492.1609,872.9745,0.16290813362139644,3.662640399998054,0.7488284707069397,1.1611800291083463,3.7772904000012204,0.8298877477645874
p2_val-000158,p2_val,finfet,0,255.6171,368.9453,279.38449922016076,3.727340399986133,0.8109723925590515,279.38449922016076,3.7753036999783944,0.8082587718963623
p2_val-000159,p2_val,finfet,2,283.4939,780.0489,945.8357943789292,3.6357822000281885,0.8323416709899902,924.5421372378979,3.7644698999938555,0.9159183502197266
p2_val-000160,p2_val,dram,1,701.3175,169.8226,36.823968784067795,3.753403699985938,0.6597671508789062,635.9928632280476,3.7285066999902483,0.5665150284767151
p2_val-000161,p2_val,finfet,3,276.4728,679.2643,493.5288194161816,3.864094299991848,0.6947434544563293,0.5897409007352455,3.7117177000036463,0.8630186319351196
p2_val-000162,p2_val,finfet,1,760.8955,727.5461,405.4975732917029,3.6582327999931294,0.6912266612052917,832.5790494274162,3.6783596000168473,0.6879528164863586
p2_val-000163,p2_val,dram,1,884.5068,100.0936,0.5153709343763939,3.556615100009367,0.8260815143585205,0.5153709343763939,3.4880064000026323,0.8985344171524048
p2_val-000165,p2_val,finfet,3,613.9674,518.1505,256.35005327288314,3.9797554000106174,0.7581122517585754,256.35005327288314,3.8241716000193264,0.8886638879776001
p2_val-000166,p2_val,dram,0,838.0224,399.4047,577.0121016788556,3.965744099987205,0.8268432021141052,201.59530124447346,3.7941833999939263,0.893419623374939
p2_val-000167,p2_val,dram,0,265.0057,176.4994,390.44473672064015,3.848110100021586,0.857600212097168,390.44473672064015,3.9549223000067286,0.9279645681381226
p2_val-000168,p2_val,dram,1,305.3088,161.1611,0.6881937590533634,3.765509699995164,0.6928409337997437,1.044610286183339,3.772595899994485,0.8199098110198975
p2_val-000170,p2_val,dram,1,661.841,446.7866,0.8025089158383419,3.7820024999964517,0.792298436164856,0.2661213257143973,3.830566499993438,0.9115501046180725
p2_val-000172,p2_val,finfet,1,462.7384,251.8803,741.5374037515909,3.7950443000008818,0.8774551749229431,741.5374037515909,3.876388799981214,0.9435270428657532
p2_val-000173,p2_val,finfet,3,804.6743,127.5505,184.69191138417514,3.9215691999997944,0.5131254196166992,0.8704773058500846,3.82620159999351,0.759602963924408
p2_val-000175,p2_val,dram,2,787.8061,668.9835,0.19460077081037627,3.6023862999863923,0.8052377700805664,0.19460077081037627,3.925222299993038,0.9285256862640381
p2_val-000177,p2_val,finfet,1,790.1276,313.6216,217.12848976658964,3.8320591999799944,0.887877345085144,0.6345615179003598,3.86934159998782,0.9109929203987122
p2_val-000178,p2_val,finfet,1,704.9598,422.4203,379.2404250183912,3.7710594999953173,0.7066949009895325,379.2404250183912,4.050670700002229,0.6649245023727417
p2_val-000179,p2_val,finfet,1,163.7952,205.5859,816.7000635005792,3.9167445999919437,0.5696194767951965,246.73582233200352,4.036573199991835,0.5934104323387146
p2_val-000180,p2_val,dram,1,416.303,384.2375,285.28177511935456,3.94226979999803,0.9066411256790161,352.0801105078928,3.6890143000055104,0.9542566537857056
p2_val-000181,p2_val,finfet,0,798.3128,83.6495,0.239570636764998,3.788555399980396,0.8551356792449951,496.82278288549736,3.707608700002311,0.7738163471221924
p2_val-000183,p2_val,finfet,0,181.294,541.4193,38.081257181059534,3.6974270999780856,0.6923244595527649,0.5121020308493457,3.6940903999784496,0.8001446723937988
p2_val-000184,p2_val,finfet,1,157.9924,166.323,631.2235115921776,3.728233800007729,0.6112621426582336,223.67700012911473,3.8231375999748707,0.7907196283340454
p2_val-000185,p2_val,dram,0,839.8921,655.7108,0.9378054435756271,3.4193859999941196,0.8580847978591919,0.9378054435756271,3.5085022000130266,0.9440314173698425
p2_val-000188,p2_val,dram,3,154.3617,341.891,340.4762915503662,3.4990695000160486,0.28340262174606323,281.4410515683346,3.4703996000171173,0.5914987921714783
p2_val-000189,p2_val,finfet,0,868.8196,825.0707,0.19375925784329648,3.431544799997937,0.8260312676429749,0.19375925784329648,3.4424445000186097,0.9038856625556946
p2_val-000190,p2_val,finfet,1,471.3415,185.6715,241.46587240125675,3.474499400006607,0.8760225176811218,313.849012320415,3.5188056000042707,0.8725125193595886
p2_val-000191,p2_val,dram,0,460.4673,646.8869,0.48079195084779497,3.4576916999940295,0.6891921162605286,0.48079195084779497,3.7751581000047736,0.8621110916137695
p2_val-000192,p2_val,finfet,2,503.1477,459.9724,447.5349719039284,3.590687699994305,0.6192781329154968,486.79202610257494,3.4545657000271603,0.48667436838150024
p2_val-000193,p2_val,dram,1,366.2571,489.2943,422.2961710848205,3.499306899990188,0.8254417777061462,523.5414737276312,3.4419483999954537,0.9075453877449036
p2_val-000194,p2_val,dram,3,645.1965,245.3911,60.37925779156282,3.4810333999921568,0.6651207208633423,665.7953496168774,3.4340595999965444,0.8650834560394287
p2_val-000195,p2_val,dram,0,671.9916,382.2383,0.5569178126078922,3.4074855000071693,0.7789733409881592,0.23844800271755653,3.585603399988031,0.8650557994842529
p2_val-000196,p2_val,finfet,1,161.0911,499.6507,834.1252479752067,3.4416798999882303,0.6363980174064636,621.8573562399177,3.472240500006592,0.5250577926635742
p2_val-000197,p2_val,finfet,0,153.6606,224.8503,561.2782106963089,3.3872346999996807,0.7268490195274353,504.06229873146634,3.49778370000422,0.7782101035118103
p2_val-000198,p2_val,finfet,0,261.7428,424.9569,223.95813182255742,3.773220400005812,0.6895043849945068,0.2607862151264985,4.144419199990807,0.7248122692108154
p2_val-000199,p2_val,finfet,1,892.5668,276.1593,123.00899088574783,3.6955363000161014,0.8740025162696838,146.0854381474416,3.738267700013239,0.9491251111030579
p2_val-000200,p2_val,dram,1,683.309,512.2645,392.4957011755033,3.6343422000063583,0.6266905069351196,0.40674469879763636,3.711677699990105,0.7599812746047974
p2_val-000201,p2_val,finfet,3,423.8633,841.0443,368.9283652003191,3.624167399975704,0.5376902222633362,300.54451957967893,3.769452300010016,0.5665125846862793
p2_val-000202,p2_val,dram,0,689.052,150.0189,400.3411831940476,3.623342400009278,0.8445532917976379,393.3485817455174,3.6991304000257514,0.797179102897644
p2_val-000203,p2_val,finfet,0,174.4596,549.8506,0.48327271803816874,3.6152337999956217,0.9132559299468994,0.48327271803816874,3.685150099976454,0.9400887489318848
p2_val-000204,p2_val,finfet,1,126.09,555.0069,340.7127356698162,3.400645900022937,0.7558997273445129,340.7127356698162,3.472345200018026,0.8496696949005127
p2_val-000205,p2_val,dram,2,918.1387,761.5259,0.5438827998750924,3.399832900002366,0.7193537950515747,431.1526968586651,3.428018999984488,0.8377899527549744
p2_val-000206,p2_val,dram,1,764.7074,742.8839,663.4043380879945,3.6447437000169884,0.7744343280792236,0.7168639829144721,3.7063757000141777,0.7476597428321838
p2_val-000207,p2_val,finfet,0,901.2974,738.339,649.2655421072029,3.6197338000056334,0.6700996160507202,265.6981568768591,3.6825921999989077,0.6063725352287292
p2_val-000208,p2_val,finfet,1,116.4348,398.166,278.5652494605887,3.644237600004999,0.7591326236724854,0.5890730345211908,3.6603699999977835,0.7793666124343872
p2_val-000210,p2_val,finfet,0,375.0077,360.172,60.992542521934595,3.392315300006885,0.8092718124389648,0.17217226838259625,3.4619858999794815,0.9065978527069092
p2_val-000212,p2_val,dram,1,574.1674,935.497,973.498530985928,3.370771899993997,0.802462100982666,527.4578870694418,3.424019900005078,0.7997486591339111
p2_val-000214,p2_val,finfet,3,426.3122,260.5515,481.0419191932134,3.4307049000053667,0.6389279365539551,0.6337358203541795,3.5230679999804124,0.7894588708877563
p2_val-000215,p2_val,dram,1,94.9125,343.7108,0.46324171876030107,3.4597914000041783,0.677871584892273,520.7893633638171,3.543397900008131,0.8138816356658936
p2_val-000218,p2_val,finfet,1,357.0445,777.9702,1.0449250164485773,3.381116100004874,0.6066306829452515,1.425576476377193,3.419253900006879,0.9019754528999329
p2_val-000219,p2_val,finfet,2,476.6686,685.1506,204.58196916228962,3.4127470000239555,0.696890652179718,186.9464268348556,3.4309492000029422,0.7844757437705994
p2_val-000220,p2_val,dram,0,354.032,299.0411,0.05208848241210853,3.486109599994961,0.9401947855949402,0.05208848241210853,3.5144385999883525,0.954951822757721
p2_val-000223,p2_val,dram,1,168.346,97.9994,655.1587721433332,3.39561780000804,0.6954235434532166,0.5237521933128344,3.484106799995061,0.8674476146697998
p2_val-000224,p2_val,dram,1,168.3699,859.7726,271.57755234328556,3.8111129000026267,0.7179290652275085,112.02872906879736,3.9218549999932293,0.8359307646751404
p2_val-000225,p2_val,finfet,0,437.4279,202.9239,343.4213008676369,3.8429398000007495,0.7039573788642883,1.0181795617669926,3.8255419000051916,0.5363698601722717
p2_val-000226,p2_val,finfet,2,638.656,688.9029,301.5863610384428,3.787400900007924,0.39508968591690063,116.48506884751365,3.89797429999453,0.5014260411262512
p2_val-000227,p2_val,dram,0,630.0745,504.3265,0.3348917735627409,3.7996755999920424,0.8290290236473083,0.3348917735627409,3.8743096999824047,0.8501423597335815
p2_val-000228,p2_val,finfet,3,856.2935,305.5254,442.3004225494364,3.66502070002025,0.7340885996818542,0.601820081087352,3.715522000013152,0.8509061932563782
p2_val-000229,p2_val,finfet,0,262.9784,519.7159,716.5914679783524,3.6508669999893755,0.7436904907226562,153.0367690438151,3.779875699983677,0.6842989325523376
p2_stress-000000,p2_stress,dram,2,459.3164,450.0889,194.88733722889742,3.7537511000118684,0.618801474571228,303.5109022954035,3.800677400024142,0.5878437161445618
p2_stress-000001,p2_stress,dram,2,806.5717,796.2847,600.9798007379117,3.658226300001843,0.5234407186508179,575.8558702444388,3.8601736999989953,0.5676367878913879
p2_stress-000003,p2_stress,dram,3,508.6238,915.9326,270.6523719999513,3.8324577000166755,0.6431702375411987,0.6274306336161982,3.8140819999971427,0.7912976741790771
p2_stress-000004,p2_stress,finfet,3,62.5119,441.2551,902.0849187951321,3.8469303000019863,0.7874345183372498,901.1776875387118,3.723368799983291,0.8972423076629639
p2_stress-000005,p2_stress,dram,3,481.2762,866.3768,352.33141027260115,3.7480178000114392,0.5974324345588684,332.16207348925315,3.8636713000014424,0.8354525566101074
p2_stress-000006,p2_stress,finfet,3,402.4181,338.1787,0.6836236537744963,3.81478220000281,0.6511209607124329,1.4293149757838346,3.8252924000262283,0.7693302631378174
p2_stress-000008,p2_stress,finfet,3,901.6585,228.8949,203.22879192737432,3.5954342000186443,0.5782174468040466,307.4452557257308,3.7045458999928087,0.614176869392395
p2_stress-000009,p2_stress,finfet,2,408.4888,400.0041,308.0148325036474,3.664917099988088,0.752183198928833,0.5042244044073961,3.721189800009597,0.8640799522399902
p2_stress-000010,p2_stress,dram,2,637.7537,649.8644,83.0350573616349,3.6341817999782506,0.422567754983902,536.8827004579771,3.749319900001865,0.6965867877006531
p2_stress-000011,p2_stress,dram,3,329.1724,837.8821,261.9100701045495,3.6166408999997657,0.7392839789390564,225.91452724906827,3.6915312000201084,0.7838281989097595
p2_stress-000012,p2_stress,dram,2,511.0612,770.0169,0.7629751306562661,3.685737699997844,0.5798906087875366,0.7629751306562661,3.734353999985615,0.8594176769256592
p2_stress-000014,p2_stress,finfet,3,368.8195,121.1982,556.8018292565946,3.6333186000119895,0.6141797304153442,0.2680736652489352,3.69266850000713,0.8045370578765869
p2_stress-000015,p2_stress,finfet,1,301.9177,670.788,260.2190663984674,3.6471544000087306,0.7476062774658203,260.2190663984674,3.9067640000139363,0.8502468466758728
p2_stress-000016,p2_stress,dram,1,823.5819,320.8769,657.5748674951166,3.763018600002397,0.8818084001541138,426.7698407352844,3.8541457999963313,0.9375536441802979
p2_stress-000017,p2_stress,dram,3,912.6396,81.5561,888.6599093778058,3.641399199987063,0.46705588698387146,849.6397159592823,3.9830423000094015,0.7626102566719055
p2_stress-000018,p2_stress,dram,3,579.4955,704.1299,562.5395299836804,4.013367300009122,0.5591142773628235,154.54363653758116,3.97452119999798,0.669807493686676
p2_stress-000019,p2_stress,dram,2,394.9123,734.6423,337.0883119311318,3.6737318000232335,0.6277468800544739,335.91631463889934,3.8891329999896698,0.7179204821586609
p2_stress-000020,p2_stress,dram,2,89.449,583.7742,60.51643236873762,3.784995900001377,0.5407695174217224,592.5060207176294,3.714625699998578,0.681623637676239
p2_stress-000021,p2_stress,finfet,2,612.5516,751.2037,850.4082335891686,3.70188340000459,0.5953378081321716,651.7726864147116,3.7169738999800757,0.48575863242149353
p2_stress-000022,p2_stress,dram,1,190.1644,233.5814,0.6041964250142521,3.7108276000071783,0.7815147042274475,0.6041964250142521,3.7096316999814007,0.8853912949562073
p2_stress-000024,p2_stress,finfet,3,77.1787,238.0432,712.4753797851052,3.660685499984538,0.6004875302314758,754.4989436705196,3.7216609999886714,0.35978758335113525
p2_stress-000025,p2_stress,finfet,3,63.1548,876.5379,440.5491960036359,3.6562045000027865,0.80995112657547,660.5454337889636,3.742921099998057,0.7608875632286072
p2_stress-000026,p2_stress,finfet,3,929.0105,217.4826,535.602086919954,3.69531320000533,0.4626986086368561,695.7755099261614,3.687718200002564,0.45930561423301697
p2_stress-000027,p2_stress,finfet,3,849.1614,135.0156,694.4691086674194,3.4104633999813814,0.5576265454292297,769.0090833620368,3.4943252000084613,0.7668381929397583
p2_stress-000028,p2_stress,dram,3,334.5627,293.9811,514.0190860157821,3.648058399994625,0.5775066614151001,514.0190860157821,3.752638600009959,0.8289831280708313
p2_stress-000029,p2_stress,finfet,2,748.7643,163.1464,350.42119283435187,3.377286799979629,0.6412488222122192,0.7781949948438848,3.6154666999937035,0.7319892048835754
p2_stress-000030,p2_stress,dram,2,544.4033,293.927,427.22364796426007,3.6818736999994144,0.5508251190185547,657.6713318823392,3.773469500010833,0.7288656234741211
p2_stress-000031,p2_stress,finfet,3,720.355,666.1292,31.645263747360342,3.3669916999933776,0.655677855014801,0.37777988300067655,3.4264145999914035,0.8464836478233337
p2_stress-000032,p2_stress,dram,3,303.8352,485.0425,344.263739254209,3.4127240999951027,0.27671587467193604,633.1353024159133,3.4732628000201657,0.4903782904148102
p2_stress-000033,p2_stress,finfet,3,294.5903,282.7801,293.22328865576145,3.4474615000071935,0.6664119362831116,0.46498397821859094,3.4249496000120416,0.8537601232528687
p2_stress-000035,p2_stress,dram,2,810.1423,767.7821,0.45555427777601215,3.4745672999997623,0.6910945773124695,0.7949400606335143,3.529004600015469,0.8162264823913574
p2_stress-000036,p2_stress,finfet,2,169.124,528.601,369.8433459953011,3.477184599993052,0.5479039549827576,518.9513817083446,3.527314600010868,0.665773868560791
p2_stress-000037,p2_stress,dram,3,726.8766,319.3081,493.8766189577819,3.394372300012037,0.45905616879463196,301.33460862166163,3.509888900007354,0.5636547803878784
p2_stress-000038,p2_stress,finfet,2,730.0916,884.4039,666.3231578789454,3.4501333000080194,0.5580086708068848,844.0573215284434,3.499896199995419,0.5372534394264221
p2_stress-000040,p2_stress,finfet,2,644.6602,221.2682,274.9200352744048,3.390509999997448,0.6959336996078491,263.84181737412285,3.5959402000007685,0.5089386105537415
p2_stress-000041,p2_stress,dram,3,554.1333,104.4355,67.05643167616365,3.4433374000072945,0.49914467334747314,585.2867215554611,3.5245117000013124,0.7561618089675903
p2_stress-000042,p2_stress,dram,3,794.2312,270.7012,344.23132968235177,3.5713212999980897,0.5777997970581055,0.3778026998315275,3.809171700006118,0.8447677493095398
p2_stress-000043,p2_stress,dram,3,432.5852,209.0543,259.9463587118119,3.6826514000131283,0.6478092670440674,519.9521268420103,3.6082519000046887,0.8305907249450684
p2_stress-000044,p2_stress,dram,1,420.1114,382.1135,345.62485268309337,3.374733600008767,0.7684730887413025,33.95152415150166,3.536707799998112,0.8735076785087585
p2_stress-000045,p2_stress,dram,3,748.6847,648.7616,0.32023218139348625,3.444013200001791,0.6164557933807373,0.32023218139348625,3.5157028999819886,0.8431605696678162
p2_stress-000046,p2_stress,finfet,2,383.8452,938.2538,314.05361449516863,3.4129555000108667,0.7109948992729187,309.1328594269461,3.471234099997673,0.633536159992218
p2_stress-000047,p2_stress,dram,2,494.9506,592.2279,101.98338824911637,3.4561932000215165,0.5651834607124329,196.6141232942588,3.4577451999939512,0.6400179266929626
p2_stress-000048,p2_stress,finfet,3,489.5432,886.9001,316.54511091825447,3.4164519000041764,0.6149095892906189,0.5523099220546591,3.45638190000318,0.7500486373901367
p2_stress-000049,p2_stress,finfet,3,751.3859,127.895,631.5966882780577,3.379091000009794,0.6144010424613953,243.89866388278966,3.4715317000227515,0.5121416449546814
p2_stress-000050,p2_stress,dram,2,399.8506,532.3162,250.23846287651307,3.4825290000007953,0.6039836406707764,239.56782902301384,3.4665107000037096,0.5903127789497375
p2_stress-000053,p2_stress,finfet,1,61.279,677.1494,535.9162103924083,3.417368299997179,0.5529497265815735,485.1427453454911,3.4473235000041313,0.7790650725364685
p2_stress-000054,p2_stress,finfet,3,385.1866,184.3836,362.5721047854068,3.493269300000975,0.7153105139732361,0.4265776834294082,3.4240446999901906,0.7021852135658264
p2_stress-000056,p2_stress,dram,1,836.6822,872.1319,684.3631093173053,3.414022399985697,0.640591561794281,441.36631429511016,3.4497090999793727,0.5833000540733337
p2_stress-000057,p2_stress,dram,3,784.3534,141.3009,790.7579425035009,3.3998571999836713,0.5885819792747498,1.386445949180823,3.4637563999858685,0.8740341663360596
p2_stress-000058,p2_stress,finfet,3,320.2006,558.5744,452.43227799939297,3.5431991000077687,0.469565749168396,432.3670165215196,3.6407275999954436,0.7047333717346191
p2_stress-000060,p2_stress,dram,3,202.5741,678.3366,174.75357132364994,3.530832999997074,0.3660719692707062,731.5108204875509,3.6523150999855716,0.6108924150466919
p2_stress-000061,p2_stress,finfet,3,577.9594,204.9504,337.960736341546,3.6710894999851007,0.5622513890266418,244.0492067361007,3.788819700013846,0.7189118266105652
p2_stress-000062,p2_stress,dram,2,472.7702,375.55,329.04113984126667,3.463733600015985,0.5768564343452454,296.4500890673504,3.51229709998006,0.8313578963279724
p2_stress-000064,p2_stress,finfet,2,449.7255,702.2171,281.4012858582206,3.4388412999978755,0.5628359317779541,286.8795919591702,3.5119532000098843,0.47408923506736755
p2_stress-000067,p2_stress,finfet,3,477.784,56.1359,663.3644864060858,3.39767259999644,0.6065913438796997,367.36479774851864,3.461838000017451,0.7613244652748108
p2_stress-000068,p2_stress,finfet,3,379.7092,132.3127,758.0132175271946,3.4571818000113126,0.6254801750183105,378.3484221533506,3.492442199989455,0.658193051815033
p2_stress-000071,p2_stress,dram,2,828.3531,704.3511,516.218484123554,3.4556870000087656,0.592979907989502,0.49794660356308307,3.522729399992386,0.7610598206520081
p2_stress-000072,p2_stress,dram,3,108.7874,750.3385,563.841100914974,3.427776900003664,0.6104527711868286,529.8412678161357,3.4443344000028446,0.8839638233184814
p2_stress-000073,p2_stress,dram,2,448.7593,790.0678,0.2500666511152706,3.568506699986756,0.7732272148132324,0.2500666511152706,3.726203099999111,0.9036132097244263
p2_stress-000075,p2_stress,finfet,3,61.5966,77.9274,1023.7552383271696,3.4339728000049945,0.6083840727806091,527.5805891068396,3.5728235999995377,0.7863812446594238
p2_stress-000077,p2_stress,finfet,2,466.2777,421.4756,553.8427528754439,3.6134585000108927,0.7460355758666992,356.5029092625332,3.978912999999011,0.7392655611038208
p2_stress-000078,p2_stress,finfet,3,824.49,293.3768,605.3563863363795,3.5254736999922898,0.700804591178894,0.12360517788506718,3.5657931999885477,0.773452639579773
p2_stress-000079,p2_stress,finfet,2,247.692,510.3775,219.31771330708787,3.832721099985065,0.5034777522087097,450.79367549939076,3.9512888000172097,0.5374641418457031
p2_stress-000082,p2_stress,dram,3,931.036,723.0053,704.9560773013379,3.7765383000078145,0.41252532601356506,0.03638804748810197,3.5345591999939643,0.7236157655715942
p2_stress-000085,p2_stress,finfet,3,426.4742,114.6936,62.30057741786989,3.631697400007397,0.6662977933883667,608.0703567405666,3.585911699978169,0.7548862099647522
p2_stress-000086,p2_stress,finfet,3,133.6662,939.1432,398.8017436379635,3.3772607000137214,0.6565150618553162,277.33615618718017,3.672919999982696,0.8357642889022827
p2_stress-000087,p2_stress,finfet,2,815.1527,769.3296,52.76557166799203,3.593255899992073,0.8911930322647095,108.06827079883347,3.704839299985906,0.9407031536102295
p2_stress-000088,p2_stress,finfet,1,97.2278,387.9601,91.39950593329264,3.7211533000227064,0.564801812171936,790.763140001385,3.615460000000894,0.4631166458129883
p2_stress-000089,p2_stress,finfet,2,171.9264,352.436,251.37304293213302,3.6777356000093278,0.4098641276359558,503.6272783646255,3.5361107000207994,0.6329718828201294
p2_stress-000090,p2_stress,dram,2,649.7009,354.8483,124.80616120087984,3.7831390000064857,0.6879252195358276,168.79586687386634,3.67355960002169,0.8405221700668335
p2_stress-000091,p2_stress,finfet,3,290.5496,199.3695,476.20499009398253,3.4596906999940984,0.5309723615646362,513.9299296503464,3.6150726999912877,0.4685283303260803
p2_stress-000092,p2_stress,finfet,3,142.241,190.7387,665.2636254588778,3.516849600011483,0.6937511563301086,591.263916503189,3.4724241999792866,0.855417013168335
p2_stress-000093,p2_stress,finfet,2,666.7401,262.1929,354.8790951273687,3.496098699979484,0.6172870993614197,595.2172277063391,3.8893175999983214,0.480752170085907
p2_stress-000094,p2_stress,finfet,2,484.9759,248.7912,212.29319037182987,4.077497200021753,0.6917384266853333,281.70194759399516,4.2809860999986995,0.7737469673156738
p2_stress-000095,p2_stress,dram,3,244.3846,654.3749,93.43358104648456,4.1904602000140585,0.4330427646636963,0.5370913981810018,6.47526820001076,0.563362717628479
p2_stress-000096,p2_stress,dram,3,468.076,902.0243,0.07979028762954316,7.35118239998701,0.519097089767456,0.07979028762954316,4.864380799990613,0.7510311007499695
p2_stress-000097,p2_stress,finfet,3,238.7131,795.7248,561.5190736267558,4.187892999994801,0.4025670886039734,536.6390919851534,4.351556099980371,0.3805510103702545
p2_stress-000098,p2_stress,dram,3,362.2397,562.0855,0.6407545083727577,4.4581668000028,0.5853090286254883,0.2544923181552194,4.367768500000238,0.7575106024742126
p2_stress-000099,p2_stress,finfet,2,120.4635,467.449,327.97384031847724,4.16678079997655,0.669317901134491,327.97384031847724,4.4947488000034355,0.7635579109191895
p2_stress-000100,p2_stress,finfet,2,474.8885,432.8114,89.88869785579277,4.0182794999855105,0.684453547000885,367.89501002624377,3.487107399996603,0.731256902217865
p2_stress-000101,p2_stress,finfet,3,339.8023,133.7663,450.2056331288848,3.5684089999995194,0.6335965394973755,0.7913917993004481,3.959936600003857,0.8058003187179565
p2_stress-000102,p2_stress,finfet,2,704.8061,721.0487,526.7162782456036,3.751337700028671,0.7266613841056824,425.05121781839426,3.871714000008069,0.6027581691741943
p2_stress-000103,p2_stress,dram,3,151.4034,311.4691,345.1025758906618,3.7932781999988947,0.4528641700744629,0.10142174323091407,3.885110600007465,0.7774696350097656
p2_stress-000104,p2_stress,dram,2,268.4438,756.7276,494.5567352288309,3.6058626000012737,0.6734413504600525,558.5566739017627,3.5817489000037313,0.8161086440086365
p2_stress-000105,p2_stress,finfet,2,113.4069,216.483,247.37653073121143,3.6476574999978766,0.5790532827377319,762.0931068817051,3.4749887000070885,0.6549546122550964
p2_stress-000106,p2_stress,dram,3,105.3183,250.6633,398.69059567762565,3.5473194000078365,0.7583914995193481,0.7357185467282893,3.5648551000049338,0.9135667681694031
p2_stress-000107,p2_stress,dram,3,310.9634,85.6549,838.9988242146529,3.4549104000034276,0.36311501264572144,783.397220976415,3.6745666000060737,0.5891936421394348
p2_stress-000108,p2_stress,finfet,3,921.8058,681.8363,496.10182433783694,3.7049415000074077,0.6803379058837891,352.44387398751877,4.522049499995774,0.8322635293006897
p2_stress-000109,p2_stress,dram,3,438.0608,586.3776,402.1047275006848,3.956927299994277,0.49757182598114014,385.72106901023693,4.1514658000087366,0.6520136594772339
p2_stress-000110,p2_stress,finfet,3,368.1216,381.5885,186.91658251425955,3.7026492999866605,0.5945464968681335,258.9224239397005,3.5408727999893017,0.8505635261535645
p2_stress-000111,p2_stress,dram,3,929.9793,534.0684,191.06213310609195,3.4761259999941103,0.28998181223869324,177.98823137232978,3.4781867999990936,0.5649166107177734
p2_stress-000112,p2_stress,finfet,1,617.5585,694.5247,395.5614385052466,3.3954652000102215,0.9185816645622253,590.7109977242171,3.457369700015988,0.959162712097168
p2_stress-000113,p2_stress,dram,3,368.7472,216.8276,435.25358680842595,3.4932772000029217,0.7157843112945557,0.7668308809640066,3.4871238000050653,0.8854489326477051
p2_stress-000114,p2_stress,dram,2,890.0698,71.9765,529.5758124426474,3.4430065999913495,0.6438145637512207,667.7238610565673,3.4418622000084724,0.893406093120575
p2_stress-000115,p2_stress,dram,3,386.68,479.4381,0.5425233727684118,3.3762463000020944,0.6421977877616882,310.68332837732055,3.525176900002407,0.8361616134643555
p2_stress-000116,p2_stress,dram,3,638.9318,896.0669,634.2764811396131,3.367556199984392,0.5663387179374695,545.164681841047,3.4555884999863338,0.8341349363327026
p2_stress-000118,p2_stress,dram,2,811.5779,814.2628,0.6348482102045999,3.6624887000070885,0.7636938691139221,0.6348482102045999,3.842760300001828,0.8844224214553833
p2_stress-000120,p2_stress,dram,3,250.612,517.3042,587.3972933897807,3.7084707000176422,0.5990092754364014,278.3910549598173,3.6981460000097286,0.8262936472892761
